{
  "HBAR-USD:LONG": {
    "score": -1,
    "wins": 0,
    "losses": 1,
    "total_pnl": -0.02532823322650657
  },
  "XLM-USD:LONG": {
    "score": 1,
    "wins": 1,
    "losses": 0,
    "total_pnl": 0.03152615095707567
  },
  "SHIB-USD:LONG": {
    "score": 0,
    "wins": 1,
    "losses": 1,
    "total_pnl": 0.00208407831217583
  },
  "LINK-USD:LONG": {
    "score": -2,
    "wins": 0,
    "losses": 2,
    "total_pnl": -0.2579261859529778
  },
  "TAO-USD:LONG": {
    "score": -1,
    "wins": 0,
    "losses": 1,
    "total_pnl": -0.04998148833765281
  },
  "BTC-USD:LONG": {
    "score": -3,
    "wins": 0,
    "losses": 3,
    "total_pnl": -0.19555863897882286
  },
  "ETH-USD:LONG": {
    "score": -2,
    "wins": 0,
    "losses": 2,
    "total_pnl": -0.21814599176157312
  },
  "BNB-USD:LONG": {
    "score": -2,
    "wins": 0,
    "losses": 2,
    "total_pnl": -0.05997717456108642
  },
  "TON-USD:LONG": {
    "score": -1,
    "wins": 0,
    "losses": 1,
    "total_pnl": -0.2367346938775512
  },
  "LTC-USD:LONG": {
    "score": -1,
    "wins": 0,
    "losses": 1,
    "total_pnl": -0.1803110579388134
  },
  "XRP-USD:LONG": {
    "score": 1,
    "wins": 2,
    "losses": 1,
    "total_pnl": 0.10273667925185048
  },
  "ZEC-USD:LONG": {
    "score": 0,
    "wins": 1,
    "losses": 1,
    "total_pnl": -0.024975096406367747
  },
  "AVAX-USD:LONG": {
    "score": 1,
    "wins": 1,
    "losses": 0,
    "total_pnl": 0.1635768811341327
  },
  "DOT-USD:LONG": {
    "score": 1,
    "wins": 1,
    "losses": 0,
    "total_pnl": 0.15359741309619945
  },
  "ASTER-USD:LONG": {
    "score": 1,
    "wins": 1,
    "losses": 0,
    "total_pnl": 0.3963414634146343
  },
  "SOL-USD:LONG": {
    "score": -1,
    "wins": 0,
    "losses": 1,
    "total_pnl": -0.1670491050940801
  },
  "OP-USD:LONG": {
    "score": -1,
    "wins": 0,
    "losses": 1,
    "total_pnl": -0.18656716417910513
  },
  "NEAR-USD:SHORT": {
    "score": 0,
    "wins": 4,
    "losses": 4,
    "total_pnl": -0.2639659659810014
  },
  "FET-USD:SHORT": {
    "score": -2,
    "wins": 1,
    "losses": 3,
    "total_pnl": -0.06585098414026386
  },
  "INJ-USD:SHORT": {
    "score": -2,
    "wins": 0,
    "losses": 2,
    "total_pnl": -0.2919460371084453
  },
  "FIL-USD:LONG": {
    "score": -1,
    "wins": 0,
    "losses": 1,
    "total_pnl": -0.12891344383057124
  },
  "ETH-USD:SHORT": {
    "score": 2,
    "wins": 2,
    "losses": 0,
    "total_pnl": 0.32601024285458324
  },
  "BTC-USD:SHORT": {
    "score": 1,
    "wins": 1,
    "losses": 0,
    "total_pnl": 0.1289154219176602
  },
  "SHIB-USD:SHORT": {
    "score": 1,
    "wins": 1,
    "losses": 0,
    "total_pnl": 0.20985401459854044
  },
  "FIL-USD:SHORT": {
    "score": 1,
    "wins": 2,
    "losses": 1,
    "total_pnl": 0.037324285150186765
  },
  "SEI-USD:SHORT": {
    "score": -1,
    "wins": 0,
    "losses": 1,
    "total_pnl": -0.1835624716724582
  },
  "BCH-USD:SHORT": {
    "score": 0,
    "wins": 1,
    "losses": 1,
    "total_pnl": 0.12747401796509789
  },
  "DOGE-USD:SHORT": {
    "score": -1,
    "wins": 0,
    "losses": 1,
    "total_pnl": -0.15188960972093474
  },
  "GRT-USD:LONG": {
    "score": -1,
    "wins": 0,
    "losses": 1,
    "total_pnl": -0.014981273408240181
  },
  "INJ-USD:LONG": {
    "score": 1,
    "wins": 1,
    "losses": 0,
    "total_pnl": 0.20431034482758648
  },
  "ICP-USD:LONG": {
    "score": -1,
    "wins": 0,
    "losses": 1,
    "total_pnl": -0.15428776462145688
  },
  "UNI-USD:LONG": {
    "score": -1,
    "wins": 0,
    "losses": 1,
    "total_pnl": -0.0922774869109948
  },
  "OP-USD:SHORT": {
    "score": -1,
    "wins": 0,
    "losses": 1,
    "total_pnl": -0.17391304347826042
  },
  "XRP-USD:SHORT": {
    "score": -1,
    "wins": 0,
    "losses": 1,
    "total_pnl": -0.16146435452793764
  },
  "GRT-USD:SHORT": {
    "score": -1,
    "wins": 0,
    "losses": 1,
    "total_pnl": -0.12403100775193777
  },
  "DOT-USD:SHORT": {
    "score": 1,
    "wins": 1,
    "losses": 0,
    "total_pnl": 0.023509655751469745
  },
  "NEAR-USD:LONG": {
    "score": -2,
    "wins": 0,
    "losses": 2,
    "total_pnl": -0.11531395984514425
  },
  "SEI-USD:LONG": {
    "score": -1,
    "wins": 0,
    "losses": 1,
    "total_pnl": -0.09138840070298748
  },
  "AAVE-USD:SHORT": {
    "score": 1,
    "wins": 1,
    "losses": 0,
    "total_pnl": 0.13224181360201512
  },
  "LTC-USD:SHORT": {
    "score": 1,
    "wins": 1,
    "losses": 0,
    "total_pnl": 0.20092891760904705
  },